{
    "per_board_accuracy": 0.005,
    "per_digit_accuracy": 0.8180864197530864,
    "classification_report": {
        "0": {
            "precision": 0.8039977790116601,
            "recall": 0.8044444444444444,
            "f1-score": 0.8042210497084143,
            "support": 1800.0
        },
        "1": {
            "precision": 0.8338888888888889,
            "recall": 0.8338888888888889,
            "f1-score": 0.8338888888888889,
            "support": 1800.0
        },
        "2": {
            "precision": 0.8161512027491409,
            "recall": 0.7916666666666666,
            "f1-score": 0.8037225042301185,
            "support": 1800.0
        },
        "3": {
            "precision": 0.8114035087719298,
            "recall": 0.8222222222222222,
            "f1-score": 0.8167770419426048,
            "support": 1800.0
        },
        "4": {
            "precision": 0.8218040951853901,
            "recall": 0.825,
            "f1-score": 0.8233989464929304,
            "support": 1800.0
        },
        "5": {
            "precision": 0.8140449438202247,
            "recall": 0.805,
            "f1-score": 0.8094972067039106,
            "support": 1800.0
        },
        "6": {
            "precision": 0.7980132450331126,
            "recall": 0.8033333333333333,
            "f1-score": 0.8006644518272426,
            "support": 1800.0
        },
        "7": {
            "precision": 0.8260153677277717,
            "recall": 0.8361111111111111,
            "f1-score": 0.8310325786858089,
            "support": 1800.0
        },
        "8": {
            "precision": 0.8373893805309734,
            "recall": 0.8411111111111111,
            "f1-score": 0.8392461197339246,
            "support": 1800.0
        },
        "accuracy": 0.8180864197530864,
        "macro avg": {
            "precision": 0.8180787124132325,
            "recall": 0.8180864197530864,
            "f1-score": 0.8180498653570938,
            "support": 16200.0
        },
        "weighted avg": {
            "precision": 0.8180787124132325,
            "recall": 0.8180864197530864,
            "f1-score": 0.8180498653570937,
            "support": 16200.0
        }
    }
}